{"test_acc":0.8645,"_wandb":{"runtime":2660},"_runtime":2660.4491847,"epoch":15,"_step":15,"val_loss":0.5263214651942253,"train_loss":0.4261458544622944,"val_acc":0.8555,"train_acc":0.8671083885485685,"_timestamp":1.7449748340882578e+09}