{"epoch":15,"train_acc":0.3252906613326666,"val_acc":0.36,"test_acc":0.3565,"_wandb":{"runtime":12133},"_timestamp":1.7449546809322443e+09,"_runtime":2388.0559115,"_step":15}